Provincia,P-t,INE,Percent
Málaga,45816,29,52.88332794681195
Granada,24222,18,27.958354494667343
S.C de Tenerife,8584,38,9.9081213352417
Otros,8014,0,9.250196223279005
